{"main":"american-flights-api.raml","name":"American Flights API","organizationId":"29d064f5-9771-495b-901a-1a0b51a513c3","groupId":"29d064f5-9771-495b-901a-1a0b51a513c3","assetId":"american-flights-api","version":"1.0.1","metadata":{"branchId":"master","commitId":"011ba0d4903a901b52fd18b67488e7fa0d81a0cc","projectId":"9f7d93e4-1017-46d8-a132-3c35399526f1"},"apiVersion":"v1","classifier":"raml","dependencies":[{"assetId":"training-american-flight-data-type","groupId":"68ef9520-24e9-4cf2-b2f5-620025690913","version":"1.0.1"},{"assetId":"training-american-flights-example","groupId":"68ef9520-24e9-4cf2-b2f5-620025690913","version":"1.0.1"}],"tags":[],"originalFormatVersion":"1.0"}